episode,length,total_reward,avg_q,exploration
0,36912,-36912.0,-30.896570205688477,1.0
1,15608,-15608.0,-40.70461654663086,0.9950248756218907
2,18556,-18556.0,-50.923561096191406,0.990074503106359
3,28664,-28664.0,-62.6739387512207,0.98514875930981
4,67516,-67516.0,-79.74295806884766,0.9802475217013037
5,6797,-6797.0,-80.9480972290039,0.9753706683595063
6,13547,-13547.0,-82.73222351074219,0.970518077969658
7,5973,-5973.0,-83.42174530029297,0.9656896298205554
8,49980,-49980.0,-88.33238983154297,0.9608852038015477
9,24558,-24558.0,-89.5129165649414,0.9561046803995501
10,4165,-4165.0,-89.67036437988281,0.9513479406960699
11,15563,-15563.0,-90.36568450927734,0.9466148663642487
12,5767,-5767.0,-90.03312683105469,0.9419053396659193
13,6707,-6707.0,-90.76839447021484,0.937219243448676
14,4415,-4415.0,-90.81556701660156,0.9325564611429613
15,1087,-1087.0,-90.67636108398438,0.9279168767591656
16,4007,-4007.0,-91.1997299194336,0.9233003748847419
17,882,-882.0,-91.30460357666016,0.9187068406813353
18,1313,-1313.0,-91.17682647705078,0.9141361598819259
19,2880,-2880.0,-91.2989730834961,0.909588218787986
20,4287,-4287.0,-91.14371490478516,0.9050629042666528
21,5109,-5109.0,-90.9369888305664,0.9005601037479133
22,6360,-6360.0,-91.07899475097656,0.8960797052218044
23,3321,-3321.0,-91.07674407958984,0.8916215972356263
24,4594,-4594.0,-91.38142395019531,0.8871856688911706
25,3303,-3303.0,-91.63235473632812,0.8827718098419609
26,2603,-2603.0,-91.47996520996094,0.8783799102905084
27,1709,-1709.0,-91.46781921386719,0.8740098609855806
28,2498,-2498.0,-91.68108367919922,0.8696615532194834
29,2933,-2933.0,-91.74734497070312,0.8653348788253566
30,999,-999.0,-92.21295166015625,0.8610297301744844
31,1772,-1772.0,-91.77423095703125,0.8567460001736164
32,2712,-2712.0,-91.9442367553711,0.8524835822623049
33,1608,-1608.0,-92.08827209472656,0.8482423704102537
34,665,-665.0,-92.0789794921875,0.8440222591146804
35,2245,-2245.0,-92.27397155761719,0.839823143397692
36,2364,-2364.0,-92.38481140136719,0.8356449188036738
37,1341,-1341.0,-92.29705047607422,0.8314874813966904
38,1536,-1536.0,-92.57464599609375,0.827350727757901
39,2249,-2249.0,-92.2802963256836,0.8232345549829861
40,1289,-1289.0,-92.21002197265625,0.8191388606795883
41,1197,-1197.0,-92.43550109863281,0.8150635429647646
42,780,-780.0,-92.21013641357422,0.8110085004624524
43,853,-853.0,-91.89369201660156,0.8069736323009478
44,466,-466.0,-91.96147155761719,0.8029588381103959
45,679,-679.0,-92.0361099243164,0.7989640180202945
46,646,-646.0,-91.46736145019531,0.7949890726570096
47,540,-540.0,-91.9040756225586,0.7910339031413032
48,566,-566.0,-91.90104675292969,0.7870984110858739
49,619,-619.0,-92.02062225341797,0.7831824985929094
50,706,-706.0,-92.37039947509766,0.7792860682516513
51,764,-764.0,-93.08189392089844,0.7754090231359715
52,1440,-1440.0,-92.8918228149414,0.7715512668019617
53,458,-458.0,-91.67649841308594,0.7677127032855341
54,466,-466.0,-92.1351318359375,0.763893237100034
55,439,-439.0,-90.99114227294922,0.7600927732338647
56,340,-340.0,-92.10120391845703,0.7563112171481242
57,527,-527.0,-92.1392593383789,0.752548474774253
58,615,-615.0,-92.39795684814453,0.7488044525116946
59,431,-431.0,-92.29740142822266,0.7450790572255668
60,440,-440.0,-92.20161437988281,0.7413721962443451
61,624,-624.0,-92.69915771484375,0.7376837773575574
62,446,-446.0,-92.02207946777344,0.73401370881349
63,298,-298.0,-91.87033081054688,0.7303618993169055
64,566,-566.0,-91.8931884765625,0.7267282580267718
65,785,-785.0,-91.00276184082031,0.7231126945540018
66,415,-415.0,-91.70462799072266,0.719515118959206
67,761,-761.0,-92.25537109375,0.7159354417504538
68,548,-548.0,-92.19985961914062,0.7123735738810486
69,421,-421.0,-92.17799377441406,0.7088294267473121
70,345,-345.0,-91.85509490966797,0.7053029121863803
71,599,-599.0,-92.26124572753906,0.7017939424740103
72,448,-448.0,-92.6524429321289,0.6983024303223984
73,553,-553.0,-92.13154602050781,0.6948282888780084
74,552,-552.0,-92.09966278076172,0.6913714317194114
75,759,-759.0,-92.05107879638672,0.6879317728551358
76,384,-384.0,-91.71826171875,0.6845092267215283
77,403,-403.0,-91.73674774169922,0.6811037081806252
78,359,-359.0,-91.86339569091797,0.6777151325180351
79,458,-458.0,-91.88884735107422,0.674343415440831
80,385,-385.0,-91.76319885253906,0.6709884730754538
81,347,-347.0,-91.64067840576172,0.6676502219656257
82,383,-383.0,-91.9017105102539,0.6643285790702744
83,470,-470.0,-92.3938217163086,0.6610234617614672
84,323,-323.0,-92.2658920288086,0.6577347878223555
85,454,-454.0,-92.06267547607422,0.6544624754451299
86,546,-546.0,-92.00318908691406,0.651206443228985
87,409,-409.0,-92.04717254638672,0.6479666101780946
88,265,-265.0,-91.9542007446289,0.6447428956995968
89,331,-331.0,-92.15994262695312,0.6415352196015889
90,504,-504.0,-91.75234985351562,0.6383435020911333
91,393,-393.0,-91.96395111083984,0.6351676637722721
92,457,-457.0,-92.2593994140625,0.6320076256440519
93,300,-300.0,-92.08027648925781,0.6288633090985591
94,433,-433.0,-92.1700210571289,0.6257346359189644
95,448,-448.0,-92.06398010253906,0.6226215282775766
96,449,-449.0,-92.4635238647461,0.6195239087339071
97,273,-273.0,-92.24231719970703,0.6164417002327434
98,257,-257.0,-92.6231689453125,0.6133748261022323
99,279,-279.0,-92.75550842285156,0.6103232100519724
100,299,-299.0,-92.97344970703125,0.6072867761711169
101,256,-256.0,-92.60807800292969,0.6042654489264846
102,368,-368.0,-92.85557556152344,0.6012591531606812
103,258,-258.0,-92.79972076416016,0.5982678140902301
104,266,-266.0,-92.74827575683594,0.5952913573037116
105,322,-322.0,-92.16658020019531,0.5923297087599121
106,451,-451.0,-91.47802734375,0.5893827947859822
107,363,-363.0,-92.76311492919922,0.5864505420756042
108,198,-198.0,-92.82020568847656,0.5835328776871684
109,380,-380.0,-93.18775939941406,0.5806297290419588
110,300,-300.0,-93.04548645019531,0.577741023922347
111,252,-252.0,-92.84461975097656,0.5748666904699972
112,340,-340.0,-93.2175521850586,0.5720066571840768
113,283,-283.0,-92.75465393066406,0.5691608529194795
114,264,-264.0,-92.90367126464844,0.5663292068850543
115,186,-186.0,-93.03131103515625,0.5635116486418451
116,257,-257.0,-92.6981430053711,0.5607081081013385
117,179,-179.0,-91.44303894042969,0.55791851552372
118,226,-226.0,-91.9879379272461,0.5551428015161394
119,293,-293.0,-92.48966217041016,0.5523808970309845
120,268,-268.0,-92.4587173461914,0.5496327333641637
121,270,-270.0,-92.48748779296875,0.5468982421533968
122,221,-221.0,-92.34728240966797,0.5441773553765142
123,301,-301.0,-92.33966827392578,0.5414700053497654
124,201,-201.0,-92.32600402832031,0.5387761247261348
125,181,-181.0,-92.318115234375,0.5360956464936665
126,316,-316.0,-92.7342758178711,0.5334285039737976
127,270,-270.0,-92.25707244873047,0.5307746308196991
128,261,-261.0,-92.8279037475586,0.5281339610146261
129,178,-178.0,-92.94630432128906,0.5255064288702748
130,260,-260.0,-92.68008422851562,0.5228919690251491
131,213,-213.0,-93.3048095703125,0.5202905164429344
132,282,-282.0,-92.60628509521484,0.5177020064108802
133,257,-257.0,-91.5013198852539,0.5151263745381892
134,248,-248.0,-92.877685546875,0.5125635567544172
135,283,-283.0,-92.55287170410156,0.5100134893078779
136,245,-245.0,-92.5930404663086,0.5074761087640577
137,168,-168.0,-92.33943939208984,0.5049513520040375
138,172,-172.0,-92.36287689208984,0.5024391562229229
139,247,-247.0,-92.49825286865234,0.49993945892828157
140,164,-164.0,-92.7336654663086,0.4974521979385887
141,273,-273.0,-92.8624496459961,0.49497731138168033
142,184,-184.0,-92.35625457763672,0.4925147376932143
143,255,-255.0,-92.15911102294922,0.49006441561513864
144,250,-250.0,-92.66206359863281,0.48762628419416787
145,285,-285.0,-92.22945404052734,0.4852002827802666
146,316,-316.0,-92.18033599853516,0.48278635102514095
147,235,-235.0,-91.94255828857422,0.4803844288807373
148,263,-263.0,-92.39808654785156,0.4779944565977486
149,222,-222.0,-92.28067779541016,0.475616374724128
150,168,-168.0,-92.4150619506836,0.47325012410361
151,172,-172.0,-92.44734954833984,0.4708956458742389
152,312,-312.0,-92.13610076904297,0.4685528814669044
153,216,-216.0,-92.48632049560547,0.46622177260388503
154,167,-167.0,-92.13648223876953,0.4639022612973981
155,260,-260.0,-91.67543029785156,0.46159428984815737
156,367,-367.0,-92.0715560913086,0.45929780084393773
157,290,-290.0,-91.97689056396484,0.45701273715814705
158,171,-171.0,-92.5302734375,0.4547390419484051
159,340,-340.0,-91.81602478027344,0.4524766586551295
160,271,-271.0,-92.21041107177734,0.4502255310001289
161,166,-166.0,-92.91764068603516,0.44798560298520296
162,289,-289.0,-90.89482879638672,0.44575681889074925
163,165,-165.0,-91.75621032714844,0.4435391232743774
164,250,-250.0,-91.99588775634766,0.44133246096952977
165,250,-250.0,-92.11700439453125,0.43913677708410925
166,195,-195.0,-91.83334350585938,0.43695201699911373
167,177,-177.0,-91.69850158691406,0.4347781263672774
168,258,-258.0,-91.36211395263672,0.4326150511117189
169,244,-244.0,-91.82942962646484,0.43046273742459595
170,176,-176.0,-91.96541595458984,0.42832113176576714
171,166,-166.0,-91.9885482788086,0.4261901808614599
172,255,-255.0,-91.47933197021484,0.4240698317029452
173,173,-173.0,-91.41490936279297,0.42196003154521916
174,180,-180.0,-91.49010467529297,0.41986072790569073
175,167,-167.0,-91.43936920166016,0.4177718685628764
176,181,-181.0,-91.86837005615234,0.4156934015551009
177,164,-164.0,-90.5276870727539,0.41362527517920494
178,173,-173.0,-90.93930053710938,0.4115674379892587
179,251,-251.0,-91.72757720947266,0.40951983879528236
180,534,-534.0,-90.5815200805664,0.40748242666197254
181,266,-266.0,-90.18492126464844,0.4054551509074354
182,172,-172.0,-90.1634750366211,0.4034379611019258
183,263,-263.0,-90.4485092163086,0.4014308070665929
184,244,-244.0,-90.84329986572266,0.39943363887223177
185,253,-253.0,-89.72100830078125,0.3974464068380416
186,176,-176.0,-89.75016021728516,0.3954690615303897
187,263,-263.0,-90.03865814208984,0.3935015537615818
188,173,-173.0,-90.08550262451172,0.3915438345886387
189,259,-259.0,-89.66679382324219,0.3895958553120783
190,158,-158.0,-89.2432861328125,0.3876575674747048
191,262,-262.0,-89.48235321044922,0.38572892286040283
192,232,-232.0,-90.23033142089844,0.38380987349293816
193,162,-162.0,-90.0252914428711,0.38190037163476437
194,168,-168.0,-88.82769775390625,0.38000036978583523
195,362,-362.0,-90.24434661865234,0.37810982068242316
196,203,-203.0,-89.87059783935547,0.3762286772959435
197,168,-168.0,-89.2619857788086,0.37435689283178464
198,170,-170.0,-89.44683074951172,0.372494420728144
199,283,-283.0,-89.36407470703125,0.37064121465486966
200,175,-175.0,-89.50768280029297,0.3687972285123082
201,176,-176.0,-88.9024887084961,0.3669624164301574
202,350,-350.0,-89.19895935058594,0.36513673276632586
203,255,-255.0,-87.52962493896484,0.3633201321057969
204,273,-273.0,-87.94149780273438,0.36151256925949943
205,175,-175.0,-88.43798065185547,0.35971399926318354
206,431,-431.0,-88.01848602294922,0.35792437737630206
207,172,-172.0,-88.59798431396484,0.3561436590808976
208,169,-169.0,-88.39936828613281,0.3543718000804952
209,254,-254.0,-88.162109375,0.35260875629900024
210,184,-184.0,-88.87705993652344,0.3508544838796023
211,180,-180.0,-88.29674530029297,0.3491089391836839
212,161,-161.0,-88.2298583984375,0.34737207878973525
213,162,-162.0,-87.90999603271484,0.34564385949227394
214,192,-192.0,-88.02655029296875,0.3439242383007701
215,176,-176.0,-87.6700668334961,0.3422131724385773
216,355,-355.0,-87.59322357177734,0.340510619341868
217,214,-214.0,-87.9349594116211,0.33881653665857514
218,175,-175.0,-87.30101776123047,0.3371308822473385
219,178,-178.0,-87.9553451538086,0.33545361417645625
220,265,-265.0,-87.20941162109375,0.33378469072284206
221,186,-186.0,-87.0338363647461,0.3321240703709872
222,185,-185.0,-86.96406555175781,0.3304717118119276
223,169,-169.0,-87.93753814697266,0.3288275739422165
224,177,-177.0,-87.6495132446289,0.327191615862902
225,172,-172.0,-87.3626480102539,0.3255637968785095
226,389,-389.0,-87.50082397460938,0.3239440764960294
227,274,-274.0,-87.0046615600586,0.3223324144239099
228,175,-175.0,-87.61713409423828,0.3207287705710547
229,183,-183.0,-86.93820190429688,0.3191331050458256
230,260,-260.0,-86.81228637695312,0.31754537815505035
231,379,-379.0,-87.58277893066406,0.3159655504030352
232,298,-298.0,-87.0060043334961,0.3143935824905823
233,324,-324.0,-87.7667465209961,0.31282943531401225
234,240,-240.0,-87.90631866455078,0.31127306996419135
235,274,-274.0,-87.87957763671875,0.30972444772556357
236,334,-334.0,-87.99456787109375,0.3081835300751877
237,179,-179.0,-87.16485595703125,0.3066502786817788
238,174,-174.0,-87.13148498535156,0.30512465540475503
239,381,-381.0,-86.67354583740234,0.3036066222932886
240,174,-174.0,-87.0952377319336,0.30209614158536185
241,424,-424.0,-86.56937408447266,0.30059317570682775
242,164,-164.0,-86.869873046875,0.2990976872704754
243,366,-366.0,-86.97721862792969,0.29760963907509996
244,372,-372.0,-85.9677734375,0.2961289941045771
245,168,-168.0,-86.77888488769531,0.2946557155269424
246,188,-188.0,-87.00787353515625,0.2931897666934751
247,175,-175.0,-86.21864318847656,0.29173111113778616
248,281,-281.0,-86.43651580810547,0.29027971257491164
249,168,-168.0,-86.72550201416016,0.28883553490040964
250,300,-300.0,-85.82703399658203,0.28739854218946237
251,178,-178.0,-86.84918212890625,0.2859686986959825
252,295,-295.0,-86.43570709228516,0.28454596885172395
253,266,-266.0,-86.40525817871094,0.283130317265397
254,165,-165.0,-86.65773010253906,0.2817217087217881
255,258,-258.0,-87.01285552978516,0.2803201081808837
256,175,-175.0,-86.28360748291016,0.27892548077699875
257,159,-159.0,-86.5107192993164,0.2775377918179092
258,164,-164.0,-86.44710540771484,0.2761570067839893
259,174,-174.0,-86.48631286621094,0.27478309132735257
260,170,-170.0,-86.57725524902344,0.2734160112709976
261,157,-157.0,-86.89319610595703,0.27205573260795785
262,164,-164.0,-86.75640106201172,0.2707022215004556
263,169,-169.0,-86.55803680419922,0.26935544427906033
264,171,-171.0,-86.68705749511719,0.2680153674418511
265,254,-254.0,-85.9308090209961,0.2666819576535832
266,198,-198.0,-86.23526000976562,0.26535518174485895
267,317,-317.0,-86.96318817138672,0.2640350067113025
268,166,-166.0,-85.40802001953125,0.26272139971273883
269,253,-253.0,-86.2768325805664,0.26141432807237697
270,167,-167.0,-85.94666290283203,0.260113759275997
271,165,-165.0,-86.08541870117188,0.25881966097114134
272,161,-161.0,-86.99791717529297,0.2575320009663098
273,172,-172.0,-86.30025482177734,0.256250747230159
274,296,-296.0,-85.77474212646484,0.2549758678907055
275,176,-176.0,-86.04105377197266,0.2537073312345328
276,174,-174.0,-86.38082122802734,0.2524451057060028
277,279,-279.0,-85.99525451660156,0.2511891599064705
278,134,-134.0,-86.17118835449219,0.24993946259350303
279,354,-354.0,-86.33290100097656,0.24869598268010254
280,172,-172.0,-86.342041015625,0.2474586892339329
281,158,-158.0,-86.6260986328125,0.24622755147655018
282,157,-157.0,-86.45416259765625,0.24500253878263703
283,158,-158.0,-86.32049560546875,0.24378362067924086
284,614,-614.0,-87.19944763183594,0.2425707668450158
285,163,-163.0,-86.69915008544922,0.24136394710946849
286,170,-170.0,-87.0550765991211,0.24016313145220747
287,352,-352.0,-86.69322967529297,0.23896829000219652
288,357,-357.0,-86.4242172241211,0.23777939303701148
289,361,-361.0,-86.19586944580078,0.236596410982101
290,168,-168.0,-86.83614349365234,0.23541931441005076
291,161,-161.0,-86.31132507324219,0.23424807403985154
292,258,-258.0,-86.45611572265625,0.2330826607361707
293,264,-264.0,-87.02227020263672,0.23192304550862758
294,370,-370.0,-85.49505615234375,0.23076919951107225
295,172,-172.0,-85.43529510498047,0.22962109404086795
296,358,-358.0,-85.75282287597656,0.2284787005381771
297,436,-436.0,-86.0777359008789,0.22734199058525087
298,264,-264.0,-85.82930755615234,0.22621093590572228
299,161,-161.0,-85.84989929199219,0.2250855083639028
300,157,-157.0,-86.20926666259766,0.2239656799640824
301,358,-358.0,-85.60162353515625,0.22285142284983325
302,165,-165.0,-85.44124603271484,0.2217427093033167
303,266,-266.0,-86.11642456054688,0.22063951174459373
304,161,-161.0,-86.12495422363281,0.21954180273093907
305,164,-164.0,-85.35599517822266,0.2184495549561583
306,164,-164.0,-85.96187591552734,0.2173627412499088
307,225,-225.0,-86.39073944091797,0.2162813345770237
308,172,-172.0,-85.89897918701172,0.21520530803683952
309,163,-163.0,-85.88143920898438,0.2141346348625269
310,295,-295.0,-85.96065521240234,0.2130692884204248
311,254,-254.0,-85.89454650878906,0.21200924220937795
312,266,-266.0,-85.97168731689453,0.21095446986007757
313,253,-253.0,-85.23410034179688,0.20990494513440555
314,259,-259.0,-85.8154296875,0.20886064192478165
315,161,-161.0,-85.08845520019531,0.2078215342535141
316,246,-246.0,-85.18468475341797,0.20678759627215335
317,259,-259.0,-85.11568450927734,0.2057588022608491
318,303,-303.0,-85.72188568115234,0.20473512662771057
319,249,-249.0,-85.16155242919922,0.20371654390816973
320,173,-173.0,-85.3064193725586,0.202703028764348
321,166,-166.0,-85.29899597167969,0.2016945559844259
322,163,-163.0,-85.45708465576172,0.20069110048201586
323,200,-200.0,-85.01777648925781,0.19969263729553818
324,182,-182.0,-85.61537170410156,0.19869914158760021
325,157,-157.0,-85.13682556152344,0.19771058864437835
326,153,-153.0,-85.9027099609375,0.19672695387500336
327,212,-212.0,-85.68811798095703,0.19574821281094865
328,311,-311.0,-85.6020736694336,0.19477434110542155
329,165,-165.0,-85.3971176147461,0.1938053145327578
330,149,-149.0,-85.95269012451172,0.19284110898781873
331,148,-148.0,-85.4832763671875,0.1918817004853918
332,166,-166.0,-85.10633087158203,0.19092706515959385
333,159,-159.0,-85.19062042236328,0.18997717926327748
334,133,-133.0,-85.62332916259766,0.1890320191674403
335,164,-164.0,-85.16777038574219,0.18809156136063715
336,162,-162.0,-85.98851776123047,0.1871557824483952
337,132,-132.0,-85.21851348876953,0.18622465915263206
338,160,-160.0,-85.20516967773438,0.1852981683110767
339,130,-130.0,-84.63072967529297,0.18437628687669325
340,145,-145.0,-85.22338104248047,0.18345899191710774
341,130,-130.0,-85.09410858154297,0.18254626061403756
342,157,-157.0,-85.66205596923828,0.18163807026272397
343,157,-157.0,-85.25341796875,0.18073439827136714
344,126,-126.0,-85.45550537109375,0.17983522216056433
345,172,-172.0,-85.33795166015625,0.1789405195627506
346,165,-165.0,-85.60065460205078,0.17805026822164238
347,162,-162.0,-85.58946990966797,0.177164445991684
348,108,-108.0,-86.17439270019531,0.17628303083749652
349,170,-170.0,-85.142822265625,0.17540600083332988
350,130,-130.0,-85.42323303222656,0.17453333416251732
351,121,-121.0,-85.4827880859375,0.17366500911693267
352,219,-219.0,-85.28179168701172,0.17280100409645044
353,201,-201.0,-84.59732818603516,0.17194129760840843
354,166,-166.0,-85.14916229248047,0.1710858682670731
355,162,-162.0,-84.9830322265625,0.17023469479310757
356,124,-124.0,-85.1583251953125,0.16938775601304237
357,126,-126.0,-84.6865463256836,0.16854503085874864
358,160,-160.0,-84.42643737792969,0.1677064983669141
359,128,-128.0,-84.5037841796875,0.1668721376785215
360,122,-122.0,-84.28224182128906,0.16604192803832987
361,118,-118.0,-84.56778717041016,0.1652158487943581
362,132,-132.0,-84.96129608154297,0.16439387939737127
363,171,-171.0,-83.91353607177734,0.16357599940036943
364,143,-143.0,-84.05825805664062,0.16276218845807905
365,134,-134.0,-84.08196258544922,0.16195242632644682
366,190,-190.0,-84.13362121582031,0.16114669286213615
367,125,-125.0,-84.58553314208984,0.16034496802202602
368,159,-159.0,-84.27778625488281,0.15954723186271247
369,139,-139.0,-84.23530578613281,0.15875346454001243
370,131,-131.0,-83.71772766113281,0.1579636463084701
371,132,-132.0,-83.91531372070312,0.1571777575208658
372,172,-172.0,-84.14830780029297,0.1563957786277272
373,130,-130.0,-84.06571960449219,0.155617690176843
374,224,-224.0,-83.73714447021484,0.1548434728127791
375,125,-125.0,-84.35841369628906,0.15407310727639714
376,128,-128.0,-83.66279602050781,0.15330657440437528
377,125,-125.0,-83.4583740234375,0.15254385512873164
378,222,-222.0,-83.55961608886719,0.15178493047634992
379,171,-171.0,-83.59563446044922,0.15102978156850738
380,125,-125.0,-83.09130096435547,0.15027838962040538
381,132,-132.0,-83.4023208618164,0.14953073594070188
382,133,-133.0,-83.24459075927734,0.14878680193104665
383,134,-134.0,-84.7855224609375,0.14804656908561858
384,136,-136.0,-83.84793090820312,0.1473100189906653
385,134,-134.0,-84.21858215332031,0.14657713332404507
386,137,-137.0,-83.8436508178711,0.14584789385477123
387,155,-155.0,-83.76487731933594,0.14512228244255845
388,137,-137.0,-83.84452819824219,0.1444002810373716
389,117,-117.0,-83.42555236816406,0.14368187167897672
390,133,-133.0,-83.16533660888672,0.14296703649649428
391,480,-480.0,-83.50823974609375,0.1422557577079545
392,148,-148.0,-82.91938781738281,0.14154801761985525
393,127,-127.0,-83.13121795654297,0.14084379862672167
394,248,-248.0,-82.32078552246094,0.14014308321066835
395,217,-217.0,-81.94638061523438,0.13944585394096354
396,164,-164.0,-82.27081298828125,0.13875209347359557
397,262,-262.0,-82.8414535522461,0.1380617845508414
398,235,-235.0,-82.25765228271484,0.1373749100008372
399,141,-141.0,-81.61251831054688,0.13669145273715147
400,210,-210.0,-81.22887420654297,0.1360113957583597
401,138,-138.0,-81.0392074584961,0.1353347221476216
402,340,-340.0,-80.9603271484375,0.13466141507226032
403,305,-305.0,-81.17144775390625,0.13399145778334362
404,132,-132.0,-80.5926742553711,0.13332483361526729
405,132,-132.0,-81.0125503540039,0.1326615259853406
406,140,-140.0,-80.35284423828125,0.13200151839337373
407,124,-124.0,-80.28987884521484,0.13134479442126742
408,127,-127.0,-80.39328002929688,0.1306913377326044
409,138,-138.0,-80.43000030517578,0.13004113207224322
410,137,-137.0,-80.48242950439453,0.12939416126591366
411,211,-211.0,-79.89029693603516,0.1287504092198146
412,127,-127.0,-79.15679931640625,0.12810985992021354
413,128,-128.0,-79.35037994384766,0.1274724974330483
414,280,-280.0,-79.01162719726562,0.12683830590353068
415,142,-142.0,-79.38182830810547,0.12620726955575193
416,123,-123.0,-79.6035385131836,0.1255793726922905
417,682,-682.0,-78.12153625488281,0.1249545996938214
418,130,-130.0,-77.68831634521484,0.12433293501872777
419,132,-132.0,-78.44023895263672,0.12371436320271421
420,128,-128.0,-77.8797378540039,0.12309886885842211
421,141,-141.0,-77.50174713134766,0.12248643667504688
422,136,-136.0,-76.97582244873047,0.12187705141795711
423,197,-197.0,-77.46420288085938,0.12127069792831555
424,139,-139.0,-77.39617919921875,0.12066736112270204
425,131,-131.0,-78.31744384765625,0.12006702599273837
426,765,-765.0,-76.4935531616211,0.11946967760471482
427,883,-883.0,-74.56331634521484,0.11887530109921873
428,1418,-1418.0,-73.24524688720703,0.11828388169076492
429,241,-241.0,-72.1501693725586,0.1176954046674278
430,120,-120.0,-72.59893798828125,0.11710985539047543
431,119,-119.0,-71.82115173339844,0.11652721929400542
432,752,-752.0,-70.80358123779297,0.11594748188458252
433,129,-129.0,-70.5749282836914,0.11537062874087814
434,115,-115.0,-70.65019989013672,0.11479664551331159
435,122,-122.0,-71.33168029785156,0.11422551792369313
436,679,-679.0,-69.3657455444336,0.1136572317648688
437,1102,-1102.0,-68.4631118774414,0.11309177290036698
438,565,-565.0,-68.80028533935547,0.11252912726404676
439,234,-234.0,-68.33746337890625,0.11196928085974804
440,140,-140.0,-67.6552963256836,0.11141221976094334
441,441,-441.0,-67.65707397460938,0.1108579301103914
442,433,-433.0,-66.64208221435547,0.11030639811979245
443,260,-260.0,-66.30303192138672,0.10975761006944523
444,518,-518.0,-66.931884765625,0.10921155230790572
445,427,-427.0,-65.20172119140625,0.1086682112516475
446,1434,-1434.0,-64.4321060180664,0.10812757338472388
447,451,-451.0,-64.01190185546875,0.10758962525843173
448,520,-520.0,-64.71163177490234,0.10705435349097686
449,367,-367.0,-64.58309936523438,0.10652174476714117
450,554,-554.0,-64.6974105834961,0.10599178583795142
451,294,-294.0,-64.73125457763672,0.10546446352034969
452,291,-291.0,-64.11614990234375,0.10493976469686538
453,219,-219.0,-64.80897521972656,0.10441767631528895
454,225,-225.0,-64.73657989501953,0.10389818538834722
455,143,-143.0,-64.9950180053711,0.10338127899338033
456,219,-219.0,-64.78706359863281,0.10286694427202024
457,384,-384.0,-64.08984375,0.1023551684298709
458,156,-156.0,-64.75716400146484,0.10184593873618997
459,215,-215.0,-64.64595031738281,0.10133924252357211
460,300,-300.0,-63.819923400878906,0.10083506718763395
461,458,-458.0,-64.95455932617188,0.10033340018670046
462,309,-309.0,-64.4101791381836,0.09983422904149301
463,138,-138.0,-64.2430191040039,0.09933754133481892
464,224,-224.0,-63.9801025390625,0.09884332471126261
465,129,-129.0,-64.35607147216797,0.09835156687687824
466,150,-150.0,-64.33846282958984,0.09786225559888383
467,204,-204.0,-64.22759246826172,0.09737537870535705
468,200,-200.0,-64.3883285522461,0.0968909240849324
469,294,-294.0,-63.76068115234375,0.09640887968649992
470,129,-129.0,-64.08473205566406,0.0959292335189054
471,248,-248.0,-63.86552810668945,0.09545197365065214
472,201,-201.0,-63.899410247802734,0.09497708820960413
473,279,-279.0,-64.58159637451172,0.09450456538269068
474,193,-193.0,-63.87286376953125,0.09403439341561264
475,125,-125.0,-63.60323715209961,0.09356656061254989
476,154,-154.0,-63.989315032958984,0.09310105533587056
477,155,-155.0,-64.2750473022461,0.09263786600584135
478,160,-160.0,-64.177001953125,0.09217698110033967
479,148,-148.0,-63.95435333251953,0.09171838915456684
480,148,-148.0,-63.079586029052734,0.09126207876076303
481,127,-127.0,-63.25970458984375,0.09080803856792342
482,148,-148.0,-63.18767166137695,0.09035625728151585
483,145,-145.0,-63.491024017333984,0.08990672366319986
484,149,-149.0,-63.8463249206543,0.08945942653054714
485,123,-123.0,-63.74392318725586,0.08901435475676334
486,155,-155.0,-63.46780014038086,0.08857149727041129
487,143,-143.0,-63.21319580078125,0.08813084305513562
488,120,-120.0,-63.504207611083984,0.08769238114938868
489,148,-148.0,-63.30363845825195,0.08725610064615791
490,146,-146.0,-62.6793327331543,0.08682199069269445
491,150,-150.0,-63.0933952331543,0.08639004049024324
492,146,-146.0,-63.251033782958984,0.08596023929377437
493,146,-146.0,-63.228668212890625,0.0855325764117158
494,148,-148.0,-62.6768684387207,0.08510704120568738
495,143,-143.0,-62.587310791015625,0.0846836230902362
496,148,-148.0,-62.989410400390625,0.08426231153257335
497,118,-118.0,-62.3385124206543,0.0838430960523118
498,146,-146.0,-62.98186111450195,0.08342596622120578
499,146,-146.0,-62.20803451538086,0.08301091166289133
500,147,-147.0,-62.408668518066406,0.0825979220526282
501,148,-148.0,-62.593685150146484,0.08218698711704299
502,142,-142.0,-62.6026725769043,0.08177809663387363
503,141,-141.0,-62.2667121887207,0.08137124043171506
504,142,-142.0,-62.90739822387695,0.08096640838976624
505,149,-149.0,-62.34786605834961,0.08056359043757835
506,145,-145.0,-62.771705627441406,0.08016277655480435
507,144,-144.0,-62.65119552612305,0.0797639567709496
508,147,-147.0,-61.75898361206055,0.079367121165124
509,142,-142.0,-61.992225646972656,0.07897225986579504
510,148,-148.0,-62.06013107299805,0.07857936305054233
511,122,-122.0,-61.640560150146484,0.07818842094581327
512,136,-136.0,-61.644012451171875,0.07779942382667988
513,149,-149.0,-61.58243942260742,0.0774123620165969
514,142,-142.0,-62.043067932128906,0.0770272258871611
515,143,-143.0,-61.882850646972656,0.07664400585787175
516,143,-143.0,-61.55422592163086,0.0762626923958923
517,149,-149.0,-61.59157943725586,0.07588327601581324
518,146,-146.0,-61.74768829345703,0.07550574727941617
519,143,-143.0,-61.6983528137207,0.07513009679543899
520,142,-142.0,-61.473541259765625,0.07475631521934228
521,140,-140.0,-61.69489669799805,0.07438439325307691
522,139,-139.0,-61.33590316772461,0.07401432164485265
523,141,-141.0,-61.43864822387695,0.07364609118890812
524,119,-119.0,-61.42806625366211,0.07327969272528172
525,118,-118.0,-61.61518478393555,0.0729151171395838
526,142,-142.0,-61.38300704956055,0.07255235536276997
527,144,-144.0,-61.830299377441406,0.0721913983709154
528,146,-146.0,-61.7675895690918,0.07183223718499046
529,141,-141.0,-61.201595306396484,0.07147486287063728
530,142,-142.0,-61.360450744628906,0.07111926653794755
531,145,-145.0,-60.85368728637695,0.07076543934124135
532,145,-145.0,-60.884735107421875,0.07041337247884713
533,140,-140.0,-61.25739669799805,0.07006305719288272
534,139,-139.0,-60.854705810546875,0.06971448476903754
535,144,-144.0,-61.06504440307617,0.06936764653635577
536,140,-140.0,-60.38357162475586,0.06902253386702067
537,138,-138.0,-60.20949935913086,0.06867913817613998
538,143,-143.0,-60.063899993896484,0.06833745092153233
539,142,-142.0,-59.79785919189453,0.06799746360351476
540,141,-141.0,-60.164306640625,0.06765916776469132
541,143,-143.0,-59.969146728515625,0.06732255498974261
542,142,-142.0,-60.06635665893555,0.06698761690521654
543,149,-149.0,-59.22162628173828,0.06665434517931995
544,135,-135.0,-59.3164176940918,0.0663227315217114
545,141,-141.0,-59.39374923706055,0.06599276768329494
546,139,-139.0,-59.29189682006836,0.06566444545601488
547,142,-142.0,-58.96179962158203,0.06533775667265163
548,142,-142.0,-59.18093490600586,0.06501269320661854
549,138,-138.0,-59.18154525756836,0.06468924697175975
550,143,-143.0,-59.3526496887207,0.06436740992214901
551,138,-138.0,-59.133888244628906,0.06404717405188957
552,143,-143.0,-58.843994140625,0.06372853139491501
553,143,-143.0,-58.76373291015625,0.06341147402479105
554,147,-147.0,-58.902099609375,0.06309599405451846
555,138,-138.0,-59.16789627075195,0.06278208363633679
556,193,-193.0,-59.09055709838867,0.062469734961529154
557,201,-201.0,-58.532691955566406,0.06215894026022802
558,146,-146.0,-58.509559631347656,0.06184969180122192
559,233,-233.0,-58.12759017944336,0.06154198189176311
560,139,-139.0,-58.37655258178711,0.06123580287737623
561,154,-154.0,-58.612098693847656,0.0609311471416679
562,261,-261.0,-58.6901741027832,0.060628007106137215
563,159,-159.0,-58.568603515625,0.06032637522998729
564,145,-145.0,-58.547889709472656,0.060026244009937606
565,145,-145.0,-58.774574279785156,0.05972760598003742
566,474,-474.0,-58.53544235229492,0.05943045371148003
567,143,-143.0,-58.3478889465332,0.059134779812417944
568,1320,-1320.0,-57.309059143066406,0.058840576927779054
569,11750,-11750.0,-54.81734848022461,0.05854783773908364
570,3123,-3123.0,-55.098419189453125,0.05825655496426233
571,184,-184.0,-54.886505126953125,0.057966721357474965
572,2334,-2334.0,-55.41595458984375,0.05767832970893032
573,93,-93.0,-54.453369140625,0.05739137284470679
574,1311,-1311.0,-54.65369415283203,0.05710584362657392
575,101,-101.0,-55.05800247192383,0.056821734951814855
576,461,-461.0,-54.90765380859375,0.056539039753049615
577,2766,-2766.0,-55.66179275512695,0.056257750998059325
578,1693,-1693.0,-55.839839935302734,0.055977861689611275
579,1377,-1377.0,-56.0412483215332,0.05569936486528486
580,250,-250.0,-55.85905075073242,0.055422253597298375
581,93,-93.0,-56.10932540893555,0.055146520992336696
582,250,-250.0,-56.3468132019043,0.054872160191379804
583,170,-170.0,-56.34430694580078,0.05459916436953215
584,153,-153.0,-56.02378463745117,0.05432752673585289
585,159,-159.0,-56.44546127319336,0.05405724053318696
586,154,-154.0,-56.10673904418945,0.05378829903799698
587,159,-159.0,-56.42180252075195,0.053520695560196
588,156,-156.0,-56.4869270324707,0.0532544234429811
589,162,-162.0,-56.45658493041992,0.05298947606266777
590,162,-162.0,-56.68032455444336,0.052725846828525144
591,160,-160.0,-56.206111907958984,0.05246352918261209
592,319,-319.0,-56.26223373413086,0.05220251659961402
593,154,-154.0,-56.834999084472656,0.051942802586680624
594,332,-332.0,-56.66728591918945,0.05168438068326431
595,163,-163.0,-56.46162796020508,0.05142724446095952
596,164,-164.0,-56.84627914428711,0.05117138752334281
597,166,-166.0,-56.623207092285156,0.05091680350581375
598,171,-171.0,-56.76179885864258,0.050663486075436574
599,163,-163.0,-56.7020378112793,0.05041142893078267
600,172,-172.0,-56.770851135253906,0.0501606258017738
601,164,-164.0,-56.61330795288086,0.049911070449526175
602,170,-170.0,-56.4514045715332,0.049662756666195206
603,167,-167.0,-56.68464279174805,0.04941567827482111
604,158,-158.0,-57.0206413269043,0.04916982912917524
605,168,-168.0,-56.77826690673828,0.04892520311360721
606,169,-169.0,-56.74560546875,0.04868179414289275
607,168,-168.0,-56.8858642578125,0.04843959616208234
608,185,-185.0,-56.7643928527832,0.04819860314635059
609,166,-166.0,-56.8282356262207,0.047958809100846364
610,162,-162.0,-57.1339111328125,0.047720208060543653
611,160,-160.0,-57.17277145385742,0.04748279409009319
612,170,-170.0,-57.08296585083008,0.04724656128367482
613,160,-160.0,-57.14424514770508,0.04701150376485057
614,161,-161.0,-56.9093017578125,0.04677761568641848
615,172,-172.0,-57.18487548828125,0.04654489123026715
616,173,-173.0,-57.516571044921875,0.046313324607231
617,165,-165.0,-57.45062255859375,0.04608291005694627
618,158,-158.0,-57.6707763671875,0.04585364184770774
619,165,-165.0,-57.3309211730957,0.045625514276326114
620,164,-164.0,-57.2421760559082,0.045398521667986184
621,170,-170.0,-57.48109817504883,0.04517265837610566
622,160,-160.0,-57.665443420410156,0.04494791878219469
623,160,-160.0,-57.67148971557617,0.044724297295716114
624,165,-165.0,-57.58984375,0.04450178835394639
625,163,-163.0,-57.70758056640625,0.0442803864218372
626,157,-157.0,-57.61181640625,0.044060085991877815
627,162,-162.0,-57.63325119018555,0.043840881583958026
628,167,-167.0,-58.369117736816406,0.04362276774523187
629,162,-162.0,-58.265785217285156,0.04340573904998196
630,168,-168.0,-58.042903900146484,0.043189790099484544
631,167,-167.0,-58.099220275878906,0.04297491552187517
632,162,-162.0,-58.2664909362793,0.0427611099720151
633,168,-168.0,-58.03960037231445,0.04254836813135831
634,163,-163.0,-58.73197555541992,0.04233668470781922
635,157,-157.0,-58.57835006713867,0.04212605443564102
636,165,-165.0,-58.691810607910156,0.0419164720752647
637,158,-158.0,-58.840065002441406,0.041707932413198714
638,158,-158.0,-58.62412643432617,0.04150043026188927
639,170,-170.0,-58.72370529174805,0.04129396045959132
640,171,-171.0,-59.22956085205078,0.04108851787024013
641,153,-153.0,-59.15583038330078,0.04088409738332351
642,157,-157.0,-59.40362548828125,0.04068069391375474
643,164,-164.0,-59.31201171875,0.04047830240174602
644,167,-167.0,-58.96643829345703,0.04027691781268261
645,165,-165.0,-58.9919548034668,0.040076535136997625
646,175,-175.0,-59.61499786376953,0.03987714939004739
647,149,-149.0,-59.16012191772461,0.03967875561198746
648,165,-165.0,-59.47455978393555,0.039481348867649216
649,163,-163.0,-59.79352569580078,0.039284924246417136
650,153,-153.0,-59.57863998413086,0.039089476862106606
651,154,-154.0,-59.26831817626953,0.0388950018528424
652,163,-163.0,-59.507240295410156,0.038701494380937715
653,202,-202.0,-60.1302604675293,0.03850894963277385
654,150,-150.0,-59.98329544067383,0.03831736281868045
655,154,-154.0,-59.8311653137207,0.03812672917281637
656,168,-168.0,-59.980987548828125,0.03793704395305112
657,150,-150.0,-60.074798583984375,0.03774830244084689
658,165,-165.0,-60.111080169677734,0.03756049994114119
659,184,-184.0,-60.25117874145508,0.03737363178223004
660,229,-229.0,-60.40208053588867,0.03718769331565179
661,147,-147.0,-60.47455978393555,0.03700267991607144
662,718,-718.0,-60.736305236816406,0.036818586981165614
663,165,-165.0,-60.397071838378906,0.03663540993150808
664,152,-152.0,-60.58514404296875,0.036453144210455805
665,149,-149.0,-60.57283401489258,0.03627178528403563
666,185,-185.0,-60.51640701293945,0.03609132864083148
667,150,-150.0,-61.29842758178711,0.03591176979187212
668,145,-145.0,-61.4731330871582,0.035733104270519525
669,146,-146.0,-61.48629379272461,0.03555532763235774
670,150,-150.0,-61.03204345703125,0.03537843545508233
671,196,-196.0,-61.30776596069336,0.03520242333839038
672,160,-160.0,-61.29561996459961,0.03502728690387103
673,144,-144.0,-61.71064376831055,0.03485302179489655
674,141,-141.0,-61.85432052612305,0.03467962367651398
675,249,-249.0,-61.53298568725586,0.0345070882353373
676,140,-140.0,-61.82550048828125,0.034335411179440105
677,161,-161.0,-61.90790557861328,0.03416458823824886
678,154,-154.0,-61.67535400390625,0.03399461516243668
679,145,-145.0,-61.56695556640625,0.0338254877238176
680,133,-133.0,-62.39509201049805,0.03365720171524139
681,192,-192.0,-62.51680374145508,0.03348975295048895
682,159,-159.0,-62.24658203125,0.033323137264168114
683,259,-259.0,-62.39693832397461,0.03315735051161007
684,164,-164.0,-62.59893798828125,0.03299238856876624
685,183,-183.0,-63.155670166015625,0.032828247332105716
686,149,-149.0,-62.83855056762695,0.03266492271851315
687,111,-111.0,-62.98040771484375,0.03250241066518722
688,185,-185.0,-62.798828125,0.03234070712953953
689,140,-140.0,-62.60811996459961,0.03217980808909406
690,145,-145.0,-62.9777717590332,0.03201970954138713
691,124,-124.0,-63.1794319152832,0.031860407503867795
692,362,-362.0,-63.347042083740234,0.0317018980137988
693,150,-150.0,-63.352996826171875,0.03154417712815801
694,148,-148.0,-63.595558166503906,0.03138724092354031
695,163,-163.0,-63.19582748413086,0.031231085496060015
696,144,-144.0,-63.408138275146484,0.03107570696125375
697,149,-149.0,-63.592872619628906,0.030921101453983833
698,157,-157.0,-63.82966232299805,0.030767265128342124
699,322,-322.0,-63.6138916015625,0.030614194157554356
700,167,-167.0,-63.66378402709961,0.030461884733884934
701,180,-180.0,-63.633453369140625,0.030310333068542226
702,145,-145.0,-63.904335021972656,0.030159535391584308
703,184,-184.0,-64.4046630859375,0.030009487951825186
704,146,-146.0,-64.2630386352539,0.029860187016741483
705,159,-159.0,-63.81464767456055,0.02971162887237959
706,181,-181.0,-64.22325897216797,0.029563809823263277
707,143,-143.0,-63.87580490112305,0.029416726192301772
708,138,-138.0,-64.29283905029297,0.029270374320698286
709,145,-145.0,-64.40998840332031,0.029124750567858994
710,163,-163.0,-64.31363677978516,0.028979851311302485
711,147,-147.0,-64.37728118896484,0.02883567294656964
712,175,-175.0,-64.52339935302734,0.028692211887133973
713,135,-135.0,-64.36498260498047,0.028549464564312413
714,155,-155.0,-64.57160949707031,0.028407427427176533
715,143,-143.0,-64.85296630859375,0.028266096942464215
716,138,-138.0,-64.81400299072266,0.028125469594491758
717,147,-147.0,-64.4987564086914,0.02798554188506643
718,134,-134.0,-64.85712432861328,0.027846310333399436
719,197,-197.0,-64.86810302734375,0.02770777147601934
720,182,-182.0,-65.10222625732422,0.027569921866685915
721,149,-149.0,-64.96822357177734,0.027432758076304395
722,139,-139.0,-65.29940032958984,0.027296276692840196
723,137,-137.0,-65.63896942138672,0.02716047432123403
724,139,-139.0,-65.7341079711914,0.027025347583317445
725,108,-108.0,-65.55506896972656,0.026890893117728805
726,137,-137.0,-65.3071517944336,0.02675710757982966
727,133,-133.0,-65.2126693725586,0.026623987641621553
728,137,-137.0,-65.51277160644531,0.02649152999166324
729,132,-132.0,-65.654052734375,0.026359731334988302
730,136,-136.0,-65.71104431152344,0.026228588393023188
731,200,-200.0,-65.65187072753906,0.026098097903505663
732,139,-139.0,-65.79106140136719,0.025968256620403647
733,167,-167.0,-65.87413787841797,0.02583906131383448
734,140,-140.0,-65.85565185546875,0.02571050876998456
735,158,-158.0,-65.72286224365234,0.025582595791029415
736,172,-172.0,-66.02306365966797,0.025455319195054147
737,161,-161.0,-65.90240478515625,0.02532867581597428
738,166,-166.0,-66.3624038696289,0.025202662503457
739,142,-142.0,-66.45504760742188,0.025077276122842787
740,129,-129.0,-65.70381927490234,0.024952513555067453
741,132,-132.0,-66.29901123046875,0.02482837169658453
742,135,-135.0,-66.51598358154297,0.024704847459288092
743,138,-138.0,-66.6177978515625,0.024581937770435915
744,157,-157.0,-66.65380096435547,0.024459639572573053
745,133,-133.0,-66.343017578125,0.024337949823455777
746,268,-268.0,-66.37381744384766,0.0242168654959759
747,180,-180.0,-66.77937316894531,0.024096383578085474
748,164,-164.0,-66.88536834716797,0.023976501072721867
749,133,-133.0,-67.11028289794922,0.023857214997733203
750,175,-175.0,-67.03038024902344,0.023738522385804185
751,170,-170.0,-66.91519927978516,0.023620420284382278
752,152,-152.0,-66.93216705322266,0.023502905755604257
753,163,-163.0,-66.6943130493164,0.023385975876223142
754,233,-233.0,-67.24365997314453,0.023269627737535468
755,160,-160.0,-66.84025573730469,0.023153858445308925
756,202,-202.0,-67.03741455078125,0.023038665119710373
757,277,-277.0,-67.166259765625,0.022924044895234204
758,491,-491.0,-67.6988296508789,0.02280999492063105
759,276,-276.0,-67.25243377685547,0.02269651235883687
760,311,-311.0,-67.21377563476562,0.02258359438690236
761,135,-135.0,-67.85637664794922,0.022471238195922748
762,704,-704.0,-67.80284881591797,0.02235944099096791
763,582,-582.0,-67.6657485961914,0.022248199991012848
764,807,-807.0,-68.24295806884766,0.022137512428868508
765,274,-274.0,-67.94120025634766,0.022027375551112945
766,1253,-1253.0,-68.1043930053711,0.021917786618022832
767,620,-620.0,-68.15423583984375,0.021808742903505308
768,217,-217.0,-68.38506317138672,0.02170024169503016
769,926,-926.0,-68.2241439819336,0.02159228029356235
770,439,-439.0,-68.10433197021484,0.02148485601349488
771,2602,-2602.0,-68.0121841430664,0.021377966182581972
772,3289,-3289.0,-67.77884674072266,0.021271608141872612
773,246,-246.0,-67.77149200439453,0.021165779245644393
774,222,-222.0,-67.56756591796875,0.021060476861337708
775,306,-306.0,-67.80648803710938,0.02095569836949026
776,182,-182.0,-68.38040924072266,0.0208514411636719
777,250,-250.0,-67.85078430175781,0.020747702650419805
778,181,-181.0,-67.8185043334961,0.020644480249173938
779,114,-114.0,-67.62251281738281,0.020541771392212877
780,183,-183.0,-67.9290542602539,0.02043957352458993
781,164,-164.0,-67.9297103881836,0.020337884104069583
782,162,-162.0,-67.83956146240234,0.020236700601064264
783,173,-173.0,-67.79742431640625,0.02013602049857141
784,198,-198.0,-67.5540771484375,0.02003584129211086
785,164,-164.0,-67.46795654296875,0.019936160489662548
786,160,-160.0,-67.77899169921875,0.019836975611604527
787,172,-172.0,-67.5611343383789,0.019738284190651274
788,165,-165.0,-67.43328094482422,0.019640083771792313
789,117,-117.0,-67.6298599243164,0.019542371912231158
790,115,-115.0,-67.71131896972656,0.01944514618132454
791,153,-153.0,-67.29459381103516,0.019348404160521932
792,146,-146.0,-67.39302062988281,0.019252143443305406
793,187,-187.0,-67.30265045166016,0.019156361635129758
794,201,-201.0,-67.5263671875,0.019061056353362946
795,146,-146.0,-67.7039566040039,0.018966225227226814
796,171,-171.0,-67.65987396240234,0.018871865897738125
797,118,-118.0,-67.78199768066406,0.018777976017649876
798,115,-115.0,-67.74617767333984,0.018684553251392913
799,120,-120.0,-67.88508605957031,0.018591595275017827
800,174,-174.0,-67.24036407470703,0.018499099776137142
801,232,-232.0,-68.05236053466797,0.018407064453867805
802,176,-176.0,-67.7927474975586,0.01831548701877394
803,123,-123.0,-67.47988891601562,0.018224365192809892
804,122,-122.0,-68.04259490966797,0.018133696709263576
805,179,-179.0,-68.28997802734375,0.01804347931270008
806,186,-186.0,-67.58675384521484,0.017953710758905554
807,119,-119.0,-67.56145477294922,0.0178643888148314
808,116,-116.0,-67.5484619140625,0.01777551125853871
809,175,-175.0,-67.44386291503906,0.017687075879142995
810,117,-117.0,-67.23184967041016,0.0175990804767592
811,121,-121.0,-68.4426498413086,0.01751152286244697
812,170,-170.0,-68.0493392944336,0.01742440085815619
813,111,-111.0,-68.39852142333984,0.01733771229667283
814,112,-112.0,-67.80687713623047,0.017251455021565006
815,158,-158.0,-68.10100555419922,0.01716562688712936
816,108,-108.0,-67.82357788085938,0.01708022575833767
817,205,-205.0,-67.8371810913086,0.016995249510783756
818,113,-113.0,-68.3135986328125,0.016910696030630605
819,142,-142.0,-68.38648986816406,0.01682656321455782
820,111,-111.0,-68.1513900756836,0.016742848969709272
821,189,-189.0,-68.19022369384766,0.016659551213641068
822,114,-114.0,-68.07257080078125,0.016576667874269722
823,161,-161.0,-68.27486419677734,0.016494196889820623
824,147,-147.0,-68.18965148925781,0.01641213620877674
825,117,-117.0,-68.19795989990234,0.016330483789827602
826,190,-190.0,-68.32381439208984,0.01624923760181851
827,139,-139.0,-68.03802490234375,0.016168395623700014
828,108,-108.0,-68.25751495361328,0.016087955844477628
829,109,-109.0,-68.1142807006836,0.01600791626316182
830,117,-117.0,-68.62554168701172,0.01592827488871823
831,179,-179.0,-68.07250213623047,0.01584902974001814
832,114,-114.0,-68.0234603881836,0.0157701788457892
833,158,-158.0,-68.42276763916016,0.01569172024456637
834,148,-148.0,-68.4319839477539,0.015613651984643156
835,172,-172.0,-68.5907211303711,0.015535972124023042
836,162,-162.0,-68.0853271484375,0.015458678730371187
837,110,-110.0,-68.2682876586914,0.015381769880966357
838,119,-119.0,-68.09732818603516,0.015305243662653093
839,112,-112.0,-68.2424087524414,0.015229098171794124
840,108,-108.0,-68.19403076171875,0.01515333151422301
841,178,-178.0,-68.42341613769531,0.015077941805197026
842,109,-109.0,-67.92462158203125,0.015002927169350276
843,190,-190.0,-68.26283264160156,0.014928285740647043
844,127,-127.0,-68.4682846069336,0.014854015662335369
845,202,-202.0,-68.3488540649414,0.014780115086900867
846,180,-180.0,-68.30386352539062,0.014706582176020765
847,164,-164.0,-68.4022445678711,0.014633415100518176
848,164,-164.0,-68.71478271484375,0.014560612040316594
849,143,-143.0,-67.973388671875,0.014488171184394622
850,191,-191.0,-68.26665496826172,0.014416090730740919
851,117,-117.0,-68.49341583251953,0.014344368886309373
852,242,-242.0,-68.5030746459961,0.014273003866974502
853,109,-109.0,-68.29292297363281,0.014201993897487069
854,108,-108.0,-68.34168243408203,0.014131337211429921
855,176,-176.0,-68.54996490478516,0.014061032051174052
856,115,-115.0,-68.76680755615234,0.01399107666783488
857,116,-116.0,-68.58245849609375,0.013921469321228737
858,110,-110.0,-68.29238891601562,0.01385220827982959
859,116,-116.0,-68.77413177490234,0.01378329182072596
860,150,-150.0,-69.06900787353516,0.013714718229578073
861,112,-112.0,-68.91613006591797,0.013646485800575198
862,107,-107.0,-68.9634780883789,0.013578592836393233
863,104,-104.0,-68.897216796875,0.013511037648152473
864,104,-104.0,-69.0689468383789,0.013443818555375596
865,144,-144.0,-68.95140075683594,0.013376933885945868
866,150,-150.0,-68.46453094482422,0.01331038197606554
867,114,-114.0,-68.85169982910156,0.01324416117021447
868,107,-107.0,-68.99928283691406,0.013178269821108927
869,143,-143.0,-69.00179290771484,0.013112706289660625
870,108,-108.0,-69.0398178100586,0.013047468944935947
871,169,-169.0,-68.8950424194336,0.012982556164115372
872,115,-115.0,-68.83988952636719,0.012917966332453108
873,168,-168.0,-68.50621795654297,0.012853697843236925
874,120,-120.0,-69.1841049194336,0.012789749097748186
875,110,-110.0,-68.75064849853516,0.012726118505222078
876,169,-169.0,-68.67157745361328,0.012662804482808038
877,111,-111.0,-68.73538970947266,0.012599805455530388
878,145,-145.0,-68.62259674072266,0.012537119856249144
879,109,-109.0,-68.79192352294922,0.01247474612562104
880,107,-107.0,-68.8011245727539,0.012412682712060738
881,162,-162.0,-68.72265625,0.012350928071702228
882,142,-142.0,-68.69990539550781,0.012289480668360428
883,117,-117.0,-68.70211029052734,0.012228338973492965
884,109,-109.0,-68.79979705810547,0.012167501466162156
885,111,-111.0,-68.9975357055664,0.012106966632997172
886,110,-110.0,-68.65813446044922,0.012046732968156391
887,114,-114.0,-68.6815414428711,0.011986798973289943
888,111,-111.0,-68.42733001708984,0.011927163157502432
889,107,-107.0,-68.71088409423828,0.011867824037315854
890,112,-112.0,-68.77484893798828,0.011808780136632693
891,143,-143.0,-68.68529510498047,0.011750029986699198
892,162,-162.0,-68.95857238769531,0.011691572126068856
893,114,-114.0,-68.6024398803711,0.011633405100566027
894,110,-110.0,-68.8709716796875,0.01157552746324978
895,152,-152.0,-68.82044219970703,0.01151793777437789
896,107,-107.0,-68.89313507080078,0.011460634601371037
897,143,-143.0,-68.76702880859375,0.011403616518777153
898,108,-108.0,-68.76976776123047,0.011346882108235975
899,111,-111.0,-69.05158996582031,0.011290429958443758
900,139,-139.0,-68.84513854980469,0.011234258665118168
901,149,-149.0,-68.87517547607422,0.011178366830963352
902,113,-113.0,-69.11373901367188,0.011122753065635177
903,156,-156.0,-69.04342651367188,0.011067415985706645
904,173,-173.0,-68.88614654541016,0.01101235421463348
905,109,-109.0,-68.66731262207031,0.010957566382719882
906,111,-111.0,-68.78897094726562,0.010903051127084461
907,107,-107.0,-68.64082336425781,0.010848807091626332
908,164,-164.0,-69.00861358642578,0.010794832926991377
909,174,-174.0,-68.8460464477539,0.010741127290538685
910,111,-111.0,-68.79891204833984,0.01068768884630715
911,137,-137.0,-68.91504669189453,0.01063451626498224
912,106,-106.0,-68.42713928222656,0.010581608223862926
913,110,-110.0,-68.57273864746094,0.010528963406828783
914,113,-113.0,-68.9356918334961,0.010476580504307248
915,109,-109.0,-68.86080169677734,0.010424458213241044
916,141,-141.0,-68.82695007324219,0.010372595237055766
917,140,-140.0,-68.811767578125,0.010320990285627628
918,118,-118.0,-68.80159759521484,0.010269642075251372
919,110,-110.0,-69.26289367675781,0.010218549328608332
920,108,-108.0,-69.06959533691406,0.01016771077473466
921,138,-138.0,-68.99840545654297,0.010117125148989712
922,114,-114.0,-68.82315826416016,0.01006679119302459
923,147,-147.0,-69.02333068847656,0.010016707654750837
924,107,-107.0,-69.00312805175781,0.00996687328830929
925,117,-117.0,-68.92162322998047,0.009917286854039096
926,113,-113.0,-68.99542999267578,0.009867947118446862
927,106,-106.0,-68.88919830322266,0.009818852854175983
928,114,-114.0,-68.89027404785156,0.009770002839976104
929,161,-161.0,-69.04192352294922,0.009721395860672742
930,137,-137.0,-69.04906463623047,0.009673030707137058
931,155,-155.0,-69.28436279296875,0.00962490617625578
932,141,-141.0,-69.08220672607422,0.009577021070901274
933,141,-141.0,-69.02135467529297,0.009529374199901767
934,108,-108.0,-68.74011993408203,0.00948196437801171
935,111,-111.0,-69.05352783203125,0.009434790425882298
936,109,-109.0,-68.71327209472656,0.009387851170032139
937,109,-109.0,-69.02593231201172,0.00934114544281805
938,144,-144.0,-68.5606689453125,0.009294672082406022
939,117,-117.0,-68.64163208007812,0.009248429932742311
940,108,-108.0,-68.92930603027344,0.009202417843524689
941,134,-134.0,-69.19373321533203,0.009156634670173821
942,113,-113.0,-68.3990478515625,0.009111079273804798
943,110,-110.0,-69.09478759765625,0.009065750521198804
944,144,-144.0,-68.91987609863281,0.00902064728477493
945,147,-147.0,-68.85005187988281,0.008975768442562121
946,135,-135.0,-68.59162902832031,0.008931112878171266
947,110,-110.0,-68.98211669921875,0.00888667948076743
948,146,-146.0,-69.32861328125,0.008842467145042221
949,147,-147.0,-69.14923095703125,0.00879847477118629
950,108,-108.0,-69.10145568847656,0.008754701264861981
951,112,-112.0,-68.9039535522461,0.008711145537176102
952,161,-161.0,-69.06560516357422,0.008667806504652839
953,124,-124.0,-68.8348617553711,0.008624683089206806
954,173,-173.0,-69.11751556396484,0.008581774218116227
955,111,-111.0,-69.15216827392578,0.008539078823996247
956,109,-109.0,-68.9749526977539,0.008496595844772385
957,150,-150.0,-69.05844116210938,0.008454324223654115
958,152,-152.0,-69.09858703613281,0.008412262909108573
959,108,-108.0,-69.0018539428711,0.008370410854834403
960,144,-144.0,-68.9402847290039,0.008328767019735726
961,108,-108.0,-69.25069427490234,0.008287330367896245
962,116,-116.0,-69.29864501953125,0.008246099868553479
963,108,-108.0,-69.42749786376953,0.008205074496073115
964,109,-109.0,-69.38594818115234,0.008164253229923498
965,111,-111.0,-69.14147186279297,0.008123635054650248
966,95,-95.0,-69.50093078613281,0.008083218959850993
967,107,-107.0,-69.1650161743164,0.008043003940150242
968,110,-110.0,-69.15520477294922,0.00800298899517437
969,108,-108.0,-69.09478759765625,0.007963173129526739
970,169,-169.0,-69.25604248046875,0.007923555352762925
971,158,-158.0,-69.31050872802734,0.007884134679366096
972,167,-167.0,-69.31926727294922,0.007844910128722484
973,111,-111.0,-69.27547454833984,0.007805880725097
974,158,-158.0,-69.08162689208984,0.007767045497608956
975,174,-174.0,-69.2220458984375,0.007728403480207917
976,109,-109.0,-69.3978500366211,0.007689953711649669
977,110,-110.0,-69.39019012451172,0.007651695235472308
978,167,-167.0,-69.64971160888672,0.0076136270999724465
979,165,-165.0,-69.83384704589844,0.007575748358181539
980,152,-152.0,-69.46683502197266,0.007538058067842328
981,115,-115.0,-69.8499526977539,0.007500555291385402
982,128,-128.0,-69.71236419677734,0.0074632390959058735
983,116,-116.0,-69.45570373535156,0.007426108553140173
984,120,-120.0,-69.59874725341797,0.0073891627394429595
985,159,-159.0,-69.1499252319336,0.00735240073576414
986,109,-109.0,-69.35636138916016,0.00731582162762601
987,145,-145.0,-69.32036590576172,0.007279424505100509
988,143,-143.0,-69.53685760498047,0.0072432084627865765
989,127,-127.0,-69.51641082763672,0.007207172599787639
990,176,-176.0,-69.67269134521484,0.007171316019689194
991,112,-112.0,-69.42294311523438,0.007135637830536512
992,150,-150.0,-69.48937225341797,0.0071001371448124505
993,259,-259.0,-69.46974182128906,0.007064813079415374
994,110,-110.0,-69.41752624511719,0.007029664755637189
995,266,-266.0,-69.38105773925781,0.006994691299141482
996,198,-198.0,-69.42207336425781,0.006959891839941774
997,209,-209.0,-68.8797836303711,0.006925265512379875
998,89,-89.0,-68.97122955322266,0.0068908114551043545
999,155,-155.0,-68.9102783203125,0.00685652881104911
1000,100,-100.0,-68.75311279296875,0.00682241672741205
1001,131,-131.0,-68.76644897460938,0.006788474355633882
1002,148,-148.0,-68.96648406982422,0.006754700851376997
1003,93,-93.0,-68.7342758178711,0.006721095374504476
1004,114,-114.0,-68.82244110107422,0.006687657089059181
1005,111,-111.0,-69.34796905517578,0.0066543851632429665
1006,153,-153.0,-68.58462524414062,0.006621278769395987
1007,93,-93.0,-68.7818832397461,0.006588337083976108
1008,86,-86.0,-68.92723846435547,0.0065555592875384166
1009,142,-142.0,-68.6773910522461,0.006522944564714843
1010,174,-174.0,-69.20327758789062,0.006490492104193874
1011,120,-120.0,-68.64486694335938,0.006458201098700373
1012,145,-145.0,-69.27930450439453,0.006426070744975496
1013,146,-146.0,-68.42791748046875,0.006394100243756713
1014,206,-206.0,-68.71993255615234,0.006362288799757925
1015,106,-106.0,-68.61395263671875,0.006330635621649677
1016,143,-143.0,-68.6670150756836,0.006299139922039481
1017,156,-156.0,-68.69256591796875,0.0062678009174522206
1018,145,-145.0,-68.69989013671875,0.006236617828310668
1019,88,-88.0,-68.75740051269531,0.006205589878916088
1020,164,-164.0,-68.4723892211914,0.0061747162974289446
1021,109,-109.0,-68.6450424194336,0.006143996315849697
1022,92,-92.0,-68.66303253173828,0.006113429169999699
1023,108,-108.0,-68.53282928466797,0.006083014099502189
1024,245,-245.0,-68.83040618896484,0.006052750347763373
1025,161,-161.0,-68.61798095703125,0.006022637161953605
1026,166,-166.0,-68.85140228271484,0.005992673792988662
1027,87,-87.0,-68.4099349975586,0.005962859495511107
1028,145,-145.0,-69.22639465332031,0.005933193527871749
1029,109,-109.0,-68.84014129638672,0.005903675152111193
1030,152,-152.0,-68.86341094970703,0.005874303633941486
1031,132,-132.0,-68.5369873046875,0.0058450782427278474
1032,213,-213.0,-68.71686553955078,0.005815998251470496
1033,148,-148.0,-69.10738372802734,0.005787062936786563
1034,110,-110.0,-69.09806060791016,0.005758271578892103
1035,165,-165.0,-68.8629379272461,0.005729623461584183
1036,107,-107.0,-68.96321868896484,0.005701117872223068
1037,85,-85.0,-69.14588928222656,0.0056727541017144965
1038,170,-170.0,-69.03047943115234,0.005644531444492037
1039,125,-125.0,-68.70206451416016,0.0056164491984995405
1040,205,-205.0,-69.01472473144531,0.005588506665173673
1041,177,-177.0,-68.70686340332031,0.005560703149426541
1042,274,-274.0,-68.50386047363281,0.0055330379596283995
1043,133,-133.0,-68.73749542236328,0.005505510407590448
1044,296,-296.0,-69.06169891357422,0.005478119808547711
1045,115,-115.0,-68.91793060302734,0.005450865481142001
1046,173,-173.0,-68.99903869628906,0.005423746747404977
1047,380,-380.0,-69.23858642578125,0.005396762932741271
1048,138,-138.0,-68.88253021240234,0.005369913365911713
1049,179,-179.0,-68.89973449707031,0.005343197379016631
1050,263,-263.0,-68.45613861083984,0.005316614307479235
1051,309,-309.0,-69.5503158569336,0.00529016349002909
1052,155,-155.0,-68.90929412841797,0.005263844268685662
1053,108,-108.0,-69.1380844116211,0.005237655988741953
1054,382,-382.0,-68.89945220947266,0.005211597998748213
1055,108,-108.0,-69.04717254638672,0.005185669650495735
1056,152,-152.0,-69.12159729003906,0.005159870299000732
1057,109,-109.0,-68.8495101928711,0.005134199302488291
1058,233,-233.0,-68.66320037841797,0.005108656022376409
1059,107,-107.0,-68.8219223022461,0.005083239823260109
1060,92,-92.0,-69.04985809326172,0.005057950072895632
1061,238,-238.0,-69.28175354003906,0.0050327861421847085
1062,108,-108.0,-68.79447937011719,0.005007747405158914
1063,104,-104.0,-68.53214263916016,0.004982833238964094
1064,110,-110.0,-68.70738220214844,0.00495804302384487
1065,200,-200.0,-68.82058715820312,0.004933376143129224
1066,160,-160.0,-68.67435455322266,0.004908831983213159
1067,89,-89.0,-68.65008544921875,0.004884409933545432
1068,119,-119.0,-68.6587905883789,0.004860109386612371
1069,154,-154.0,-68.2477798461914,0.004835929737922758
1070,199,-199.0,-68.71089935302734,0.004811870385992794
1071,88,-88.0,-68.25782775878906,0.0047879307323311394
1072,144,-144.0,-68.38304901123047,0.00476411018142402
1073,108,-108.0,-68.71400451660156,0.004740408140720419
1074,162,-162.0,-68.73307800292969,0.004716824020617332
1075,118,-118.0,-68.44493865966797,0.004693357234445107
1076,92,-92.0,-68.2340316772461,0.004670007198452843
1077,143,-143.0,-67.8995590209961,0.004646773331793874
1078,312,-312.0,-68.28543090820312,0.004623655056511318
1079,116,-116.0,-68.33008575439453,0.0046006517975237
1080,113,-113.0,-68.23845672607422,0.004577762982610647
1081,140,-140.0,-68.57780456542969,0.004554988042398654
1082,87,-87.0,-68.49850463867188,0.00453232641034692
1083,127,-127.0,-68.19407653808594,0.004509777522733255
1084,166,-166.0,-67.99303436279297,0.0044873408186400544
1085,115,-115.0,-68.18804931640625,0.004465015739940353
1086,107,-107.0,-67.7703628540039,0.004442801731283934
1087,115,-115.0,-68.26197814941406,0.004420698240083517
1088,128,-128.0,-68.08819580078125,0.004398704716501013
1089,153,-153.0,-67.926025390625,0.004376820613433844
1090,108,-108.0,-67.9618911743164,0.004355045386501337
1091,328,-328.0,-67.70992279052734,0.004333378494031182
1092,724,-724.0,-68.06436920166016,0.004311819397045952
1093,163,-163.0,-67.65052032470703,0.0042903675592497045
1094,778,-778.0,-67.32498168945312,0.004269022447014632
1095,220,-220.0,-67.03795623779297,0.004247783529367793
1096,697,-697.0,-66.93230438232422,0.004226650277977904
1097,303,-303.0,-66.872802734375,0.004205622167142193
1098,202,-202.0,-67.055908203125,0.004184698673773327
1099,113,-113.0,-66.74726104736328,0.004163879277386396
1100,197,-197.0,-67.32379913330078,0.004143163460085966
1101,213,-213.0,-67.03982543945312,0.0041225507065532005
1102,344,-344.0,-66.96642303466797,0.004102040504033036
1103,117,-117.0,-66.60890197753906,0.00408163234232143
1104,186,-186.0,-66.6873779296875,0.0040613257137526665
1105,159,-159.0,-66.72334289550781,0.004041120113186733
1106,111,-111.0,-66.5256118774414,0.00402101503799675
1107,251,-251.0,-66.82395935058594,0.004001009988056468
1108,292,-292.0,-66.85843658447266,0.00398110446572783
1109,106,-106.0,-66.88823699951172,0.003961297975848587
1110,102,-102.0,-66.51778411865234,0.003941590025719987
1111,116,-116.0,-66.57627868652344,0.003921980125094515
1112,95,-95.0,-66.91805267333984,0.003902467786163697
1113,148,-148.0,-66.56451416015625,0.0038830525235459675
1114,88,-88.0,-66.74629974365234,0.003863733854274595
1115,97,-97.0,-66.56197357177734,0.003844511297785667
1116,170,-170.0,-66.67091369628906,0.0038253843759061368
1117,165,-165.0,-66.55755615234375,0.0038063526128419276
1118,177,-177.0,-66.55225372314453,0.0037874155351660973
1119,91,-91.0,-66.88803100585938,0.0037685726718070622
1120,116,-116.0,-66.51276397705078,0.0037498235540368782
1121,100,-100.0,-66.84437561035156,0.0037311677154595805
1122,122,-122.0,-66.72821044921875,0.003712604691999583
1123,158,-158.0,-66.60832977294922,0.003694134021890133
1124,115,-115.0,-67.11888885498047,0.003675755245661824
1125,119,-119.0,-66.8226089477539,0.0036574679061311685
1126,113,-113.0,-66.88765716552734,0.003639271548389223
1127,129,-129.0,-67.02481842041016,0.003621165719790272
1128,90,-90.0,-67.0576171875,0.0036031499699405696
1129,160,-160.0,-67.1427230834961,0.0035852238506871342
1130,163,-163.0,-66.7288589477539,0.0035673869161066017
1131,172,-172.0,-66.53861236572266,0.0035496387224941313
1132,113,-113.0,-67.0760726928711,0.0035319788283523696
1133,165,-165.0,-66.6672592163086,0.0035144067943804675
1134,206,-206.0,-67.0625991821289,0.003496922183463152
1135,109,-109.0,-66.64575958251953,0.003479524560659853
1136,123,-123.0,-67.13390350341797,0.003462213493193884
1137,123,-123.0,-67.2151107788086,0.003444988550441676
1138,119,-119.0,-67.00664520263672,0.003427849303922066
1139,321,-321.0,-67.01375579833984,0.003410795327285638
1140,86,-86.0,-67.10579681396484,0.003393826196304118
1141,117,-117.0,-67.02677154541016,0.003376941488859819
1142,171,-171.0,-67.17530822753906,0.0033601407849351435
1143,187,-187.0,-66.9052734375,0.003343423666602133
1144,264,-264.0,-67.3873519897461,0.003326789718012073
1145,172,-172.0,-67.02189636230469,0.0033102385253851478
1146,325,-325.0,-67.1111068725586,0.0032937696770001476
1147,188,-188.0,-67.44976043701172,0.003277382763184227
1148,123,-123.0,-67.40721893310547,0.0032610773763027136
1149,9694,-9694.0,-69.13410949707031,0.0032448531107489693
1150,167,-167.0,-69.08534240722656,0.0032287095629342983
1151,8126,-8126.0,-69.63082122802734,0.003212646331277909
1152,109,-109.0,-69.77777099609375,0.003196663016196925
1153,771,-771.0,-69.62579345703125,0.0031807592200964433
1154,166,-166.0,-69.41631317138672,0.0031649345473596453
1155,84,-84.0,-69.7483139038086,0.003149188604337956
1156,87,-87.0,-69.81175994873047,0.00313352099934125
1157,165,-165.0,-69.6760025024414,0.0031179313426281095
1158,120,-120.0,-69.96174621582031,0.003102419246396129
1159,177,-177.0,-69.67034912109375,0.003086984324772268
1160,94,-94.0,-69.75778198242188,0.003071626193803252
1161,155,-155.0,-69.69043731689453,0.0030563444714460223
1162,242,-242.0,-69.8113021850586,0.0030411387775582314
1163,164,-164.0,-69.83919525146484,0.003026008733888788
1164,90,-90.0,-69.83316040039062,0.003010953964068446
1165,159,-159.0,-69.9166488647461,0.002995974093600444
1166,163,-163.0,-70.02083587646484,0.0029810687498511884
1167,96,-96.0,-69.87308502197266,0.0029662375620409837
1168,157,-157.0,-69.97521209716797,0.00295148016123481
1169,97,-97.0,-69.99737548828125,0.0029367961803331444
1170,90,-90.0,-69.95246887207031,0.0029221852540628306
1171,162,-162.0,-70.02994537353516,0.002907647018967991
1172,88,-88.0,-70.13057708740234,0.0028931811134009864
1173,89,-89.0,-69.7904052734375,0.0028787871775134196
1174,156,-156.0,-70.0552978515625,0.002864464853247184
1175,161,-161.0,-70.16053771972656,0.0028502137843255566
1176,167,-167.0,-70.13542938232422,0.0028360336162443355
1177,160,-160.0,-70.0727310180664,0.0028219239962630205
1178,95,-95.0,-69.80512237548828,0.002807884573396041
1179,169,-169.0,-69.9989242553711,0.002793914998404021
1180,206,-206.0,-70.11925506591797,0.002780014923785096
1181,162,-162.0,-70.22868347167969,0.002766184003766265
1182,91,-91.0,-69.93059539794922,0.0027524218942947916
1183,96,-96.0,-70.01380920410156,0.0027387282530296434
1184,165,-165.0,-69.9351577758789,0.0027251027393329786
1185,84,-84.0,-70.0775375366211,0.0027115450142616705
1186,170,-170.0,-70.01749420166016,0.0026980547405588765
1187,91,-91.0,-70.12767791748047,0.0026846315826456486
1188,200,-200.0,-69.96046447753906,0.002671275206612586
1189,86,-86.0,-69.9902572631836,0.0026579852802115283
1190,156,-156.0,-70.1729965209961,0.002644761472847292
1191,179,-179.0,-70.1841049194336,0.002631603455569445
1192,166,-166.0,-70.28504180908203,0.002618510901064125
1193,111,-111.0,-70.294189453125,0.0026054834836458955
1194,183,-183.0,-70.2928466796875,0.0025925208792496475
1195,88,-88.0,-70.3704833984375,0.002579622765422535
1196,171,-171.0,-70.47286224365234,0.0025667888213159553
1197,167,-167.0,-70.4490737915039,0.002554018727677568
1198,162,-162.0,-70.67906951904297,0.002541312166843351
1199,162,-162.0,-70.3646469116211,0.002528668822729703
1200,159,-159.0,-70.6965560913086,0.002516088380825575
1201,86,-86.0,-70.4636001586914,0.0025035705281846524
1202,158,-158.0,-70.39446258544922,0.002491114953417565
1203,105,-105.0,-70.28163146972656,0.0024787213466841446
1204,95,-95.0,-70.58019256591797,0.002466389399685716
1205,90,-90.0,-70.65345001220703,0.002454118805657429
1206,99,-99.0,-70.67107391357422,0.002441909259360626
1207,164,-164.0,-70.51671600341797,0.00242976045707525
1208,91,-91.0,-70.71175384521484,0.002417672096592289
1209,166,-166.0,-70.6091079711914,0.002405643877206258
1210,157,-157.0,-70.48091125488281,0.0023936754997077197
1211,158,-158.0,-70.65774536132812,0.002381766666375841
1212,161,-161.0,-70.94454193115234,0.002369917080970986
1213,169,-169.0,-70.75064086914062,0.0023581264487273494
1214,161,-161.0,-71.10456848144531,0.0023463944763456217
1215,164,-164.0,-71.05490112304688,0.0023347208719856935
1216,157,-157.0,-71.01416778564453,0.002323105345259397
1217,159,-159.0,-70.92943572998047,0.0023115476072232805
1218,88,-88.0,-71.03035736083984,0.0023000473703714236
1219,94,-94.0,-71.29259490966797,0.0022886043486282826
1220,176,-176.0,-70.92168426513672,0.002277218257341575
1221,162,-162.0,-71.08061981201172,0.002265888813275199
1222,85,-85.0,-71.1266098022461,0.0022546157346021883
1223,103,-103.0,-71.12486267089844,0.0022433987408977
1224,166,-166.0,-71.1871566772461,0.0022322375531320404
1225,168,-168.0,-71.28373718261719,0.002221131893663722
1226,157,-157.0,-71.80226135253906,0.0022100814862325594
1227,159,-159.0,-71.29163360595703,0.0021990860559527956
1228,161,-161.0,-71.38916015625,0.0021881453293062644
1229,158,-158.0,-71.47654724121094,0.0021772590341355867
1230,86,-86.0,-71.56249237060547,0.0021664268996374
1231,165,-165.0,-71.6539077758789,0.0021556486563556222
1232,156,-156.0,-71.65348052978516,0.002144924036174749
1233,156,-156.0,-71.66829681396484,0.002134252772313183
1234,162,-162.0,-71.49193572998047,0.0021236345993166004
1235,91,-91.0,-71.50288391113281,0.0021130692530513437
1236,184,-184.0,-71.6324691772461,0.0021025564706978546
1237,156,-156.0,-71.65743255615234,0.0020920959907441343
1238,170,-170.0,-71.54922485351562,0.0020816875529792384
1239,158,-158.0,-71.7296371459961,0.0020713308984868046
1240,93,-93.0,-71.69481658935547,0.0020610257696386117
1241,86,-86.0,-71.74422454833984,0.002050771910088171
1242,84,-84.0,-71.73961639404297,0.002040569064764349
1243,157,-157.0,-71.86751556396484,0.0020304169798650244
1244,167,-167.0,-71.80536651611328,0.002020315402850771
1245,158,-158.0,-71.82608032226562,0.0020102640824385784
1246,112,-112.0,-71.81462860107422,0.002000262768595601
1247,157,-157.0,-71.89266204833984,0.0019903112125329364
1248,162,-162.0,-72.17424774169922,0.0019804091666994392
1249,88,-88.0,-71.9624252319336,0.0019705563847755617
1250,156,-156.0,-72.00276947021484,0.001960752621667226
1251,104,-104.0,-71.85118865966797,0.0019509976334997276
1252,95,-95.0,-72.2656021118164,0.0019412911776116694
1253,157,-157.0,-72.08209228515625,0.001931633012548925
1254,87,-87.0,-71.9284439086914,0.0019220228980586322
1255,92,-92.0,-72.00713348388672,0.0019124605950832164
1256,155,-155.0,-71.97648620605469,0.0019029458657544443
1257,158,-158.0,-72.2275619506836,0.001893478473387507
1258,158,-158.0,-71.98046112060547,0.0018840581824751317
1259,159,-159.0,-72.02371978759766,0.0018746847586817233
1260,102,-102.0,-71.94783782958984,0.0018653579688375358
1261,151,-151.0,-72.27262115478516,0.0018560775809328717
1262,91,-91.0,-72.76729583740234,0.0018468433641123103
1263,161,-161.0,-72.78977966308594,0.0018376550886689657
1264,97,-97.0,-72.69625854492188,0.001828512526038772
1265,157,-157.0,-72.63375091552734,0.0018194154487947982
1266,169,-169.0,-72.74019622802734,0.0018103636306415905
1267,158,-158.0,-72.61521911621094,0.001801356846409543
1268,97,-97.0,-72.623046875,0.0017923948720492966
1269,88,-88.0,-72.53189086914062,0.001783477484626166
1270,155,-155.0,-72.79195404052734,0.0017746044623145932
1271,174,-174.0,-72.750732421875,0.0017657755843926302
1272,156,-156.0,-73.04896545410156,0.0017569906312364483
1273,128,-128.0,-72.9157485961914,0.001748249384314874
1274,98,-98.0,-72.91765594482422,0.0017395516261839545
1275,86,-86.0,-72.81157684326172,0.0017308971404815469
1276,99,-99.0,-72.84613037109375,0.0017222857119219375
1277,97,-97.0,-72.86296844482422,0.0017137171262904852
1278,156,-156.0,-73.0979995727539,0.001705191170438294
1279,154,-154.0,-73.17951965332031,0.0016967076322769096
1280,155,-155.0,-73.33470916748047,0.0016882663007730446
1281,160,-160.0,-73.0980453491211,0.001679866965943328
1282,141,-141.0,-73.11370849609375,0.0016715094188490829
1283,153,-153.0,-73.24669647216797,0.0016631934515911274
1284,98,-98.0,-73.60454559326172,0.0016549188573046045
1285,126,-126.0,-73.12252807617188,0.0016466854301538355
1286,96,-96.0,-73.37232971191406,0.0016384929653271995
1287,154,-154.0,-73.2789535522461,0.0016303412590320395
1288,88,-88.0,-73.093994140625,0.0016222301084895918
1289,169,-169.0,-73.29154205322266,0.0016141593119299422
1290,154,-154.0,-73.31953430175781,0.0016061286685870072
1291,165,-165.0,-73.58255767822266,0.0015981379786935397
1292,112,-112.0,-73.43865966796875,0.0015901870434761592
1293,85,-85.0,-73.97661590576172,0.0015822756651504074
1294,157,-157.0,-73.6731185913086,0.0015744036469158285
1295,92,-92.0,-74.06352996826172,0.0015665707929510733
1296,156,-156.0,-73.7838363647461,0.0015587769084090283
1297,101,-101.0,-73.85568237304688,0.0015510217994119686
1298,91,-91.0,-73.97298431396484,0.001543305273046735
1299,163,-163.0,-73.84644317626953,0.0015356271373599354
1300,85,-85.0,-73.77725219726562,0.0015279872013531698
1301,91,-91.0,-73.70718383789062,0.0015203852749782786
1302,178,-178.0,-73.88835144042969,0.0015128211691326156
1303,161,-161.0,-73.68685150146484,0.001505294695654344
1304,153,-153.0,-74.0342025756836,0.0014978056673177554
1305,110,-110.0,-74.01812744140625,0.0014903538978286125
1306,90,-90.0,-73.96883392333984,0.001482939201819515
1307,164,-164.0,-73.64904022216797,0.0014755613948452889
1308,159,-159.0,-73.87467193603516,0.001468220293378397
1309,89,-89.0,-73.78688049316406,0.0014609157148043753
1310,152,-152.0,-73.91961669921875,0.001453647477417289
1311,87,-87.0,-74.0318832397461,0.001446415400415213
1312,112,-112.0,-74.0460205078125,0.0014392193038957346
1313,150,-150.0,-73.894287109375,0.0014320590088514773
1314,162,-162.0,-74.02266693115234,0.0014249343371656492
1315,157,-157.0,-73.80912017822266,0.0014178451116076112
1316,87,-87.0,-74.16008758544922,0.001410791155828469
1317,168,-168.0,-73.81257629394531,0.0014037722943566857
1318,87,-87.0,-74.35646057128906,0.0013967883525937172
1319,148,-148.0,-74.26665496826172,0.001389839156809669
1320,95,-95.0,-74.29286193847656,0.0013829245341389742
1321,113,-113.0,-73.90335845947266,0.0013760443125760938
1322,92,-92.0,-74.2134780883789,0.0013691983209712377
1323,118,-118.0,-74.3807601928711,0.0013623863890261073
1324,96,-96.0,-74.45184326171875,0.0013556083472896592
1325,152,-152.0,-73.7802734375,0.0013488640271538898
1326,163,-163.0,-74.0321273803711,0.0013421532608496418
1327,156,-156.0,-73.87618255615234,0.0013354758814424297
1328,153,-153.0,-74.15654754638672,0.0013288317228282885
1329,172,-172.0,-74.26976776123047,0.0013222206197296405
1330,117,-117.0,-74.06844329833984,0.0013156424076911847
1331,115,-115.0,-74.0562515258789,0.001309096923075806
1332,87,-87.0,-73.96707916259766,0.0013025840030605035
1333,113,-113.0,-74.20330047607422,0.001296103485632342
1334,112,-112.0,-73.75789642333984,0.00128965520958442
1335,160,-160.0,-73.97960662841797,0.0012832390145118607
1336,113,-113.0,-74.2010498046875,0.0012768547408078218
1337,156,-156.0,-73.99513244628906,0.0012705022296595242
1338,93,-93.0,-73.87554931640625,0.0012641813230443028
1339,117,-117.0,-74.08509826660156,0.0012578918637256744
1340,90,-90.0,-74.24378967285156,0.0012516336952494275
1341,91,-91.0,-73.99776458740234,0.001245406661939729
1342,89,-89.0,-74.06407165527344,0.001239210608895253
1343,112,-112.0,-74.28694152832031,0.0012330453819853265
1344,115,-115.0,-74.17171478271484,0.0012269108278460963
1345,92,-92.0,-74.23299407958984,0.001220806793876713
1346,94,-94.0,-74.40763092041016,0.0012147331282355354
1347,85,-85.0,-73.9168930053711,0.0012086896798363539
1348,88,-88.0,-74.06140899658203,0.0012026762983446309
1349,113,-113.0,-74.47068786621094,0.0011966928341737623
1350,88,-88.0,-74.34319305419922,0.0011907391384813556
1351,153,-153.0,-74.5810317993164,0.001184815063165528
1352,116,-116.0,-74.56109619140625,0.001178920460861222
1353,114,-114.0,-74.58260345458984,0.0011730551849365395
1354,166,-166.0,-74.41851806640625,0.0011672190894890942
1355,112,-112.0,-74.46339416503906,0.0011614120293423824
1356,111,-111.0,-74.62419128417969,0.0011556338600421717
1357,162,-162.0,-73.99723815917969,0.0011498844378529072
1358,86,-86.0,-74.45767974853516,0.0011441636197541366
1359,113,-113.0,-74.35945892333984,0.001138471263436952
1360,85,-85.0,-74.13653564453125,0.00113280722730045
1361,112,-112.0,-74.58163452148438,0.001127171370448209
1362,111,-111.0,-74.59110260009766,0.0011215635526847852
1363,116,-116.0,-74.88768768310547,0.0011159836345122243
1364,113,-113.0,-74.41442108154297,0.0011104314771265915
1365,112,-112.0,-74.1541748046875,0.0011049069424145192
1366,110,-110.0,-74.5636978149414,0.0010994098929497705
1367,94,-94.0,-73.8957748413086,0.0010939401919898215
1368,157,-157.0,-74.41401672363281,0.0010884977034724592
1369,112,-112.0,-74.36455535888672,0.0010830822920123973
1370,117,-117.0,-74.50756072998047,0.0010776938228979078
1371,115,-115.0,-74.9206314086914,0.0010723321620874707
1372,85,-85.0,-74.56787109375,0.0010669971762064386
1373,111,-111.0,-74.60662078857422,0.0010616887325437202
1374,85,-85.0,-74.37435150146484,0.001056406699048478
1375,85,-85.0,-74.56895446777344,0.0010511509443268438
1376,97,-97.0,-74.1255874633789,0.0010459213376386505
1377,85,-85.0,-74.48886108398438,0.0010407177488941798
1378,96,-96.0,-74.30647277832031,0.0010355400486509252
1379,87,-87.0,-74.25907897949219,0.0010303881081103734
1380,89,-89.0,-73.9695816040039,0.0010252617991147995
1381,114,-114.0,-74.60689544677734,0.0010201609941440791
1382,88,-88.0,-74.28926849365234,0.0010150855663125166
1383,112,-112.0,-74.1002197265625,0.0010100353893656882
1384,114,-114.0,-74.49931335449219,0.0010050103376773017
1385,118,-118.0,-74.28057861328125,0.0010000102862460715
1386,113,-113.0,-74.49974822998047,0.0009950351106926085
1387,112,-112.0,-74.66346740722656,0.000990084687256327
1388,112,-112.0,-74.99669647216797,0.0009851588927923653
1389,118,-118.0,-74.51075744628906,0.0009802576047685228
1390,111,-111.0,-74.30498504638672,0.0009753807012622119
1391,116,-116.0,-74.55647277832031,0.0009705280609574249
1392,165,-165.0,-74.69853973388672,0.0009656995631417164
1393,90,-90.0,-74.88536834716797,0.0009608950877032005
1394,113,-113.0,-74.79288482666016,0.0009561145151275628
1395,165,-165.0,-74.81603240966797,0.0009513577264950874
1396,119,-119.0,-74.57160949707031,0.000946624603477699
1397,112,-112.0,-74.84356689453125,0.000941915028336019
1398,90,-90.0,-74.90941619873047,0.0009372288839164369
1399,115,-115.0,-74.53828430175781,0.000932566053648196
1400,87,-87.0,-74.6801986694336,0.0009279264215404936
1401,113,-113.0,-74.43560028076172,0.0009233098721795958
1402,90,-90.0,-74.9600830078125,0.0009187162907259661
1403,116,-116.0,-74.91771697998047,0.0009141455629114091
1404,166,-166.0,-75.70533752441406,0.0009095975750362281
1405,154,-154.0,-74.93352508544922,0.0009050722139663962
1406,116,-116.0,-75.008056640625,0.0009005693671307425
1407,114,-114.0,-74.957275390625,0.0008960889225181519
1408,115,-115.0,-75.20947265625,0.000891630768674778
1409,156,-156.0,-74.66863250732422,0.0008871947947012718
1410,87,-87.0,-75.20553588867188,0.0008827808902500218
1411,116,-116.0,-75.42835998535156,0.0008783889455224098
1412,94,-94.0,-75.32891082763672,0.0008740188512660795
1413,112,-112.0,-75.02584075927734,0.0008696704987722185
1414,114,-114.0,-74.91487121582031,0.0008653437798728543
1415,113,-113.0,-75.40573120117188,0.0008610385869381636
1416,88,-88.0,-74.79108428955078,0.0008567548128737947
1417,112,-112.0,-75.04821014404297,0.0008524923511182038
1418,112,-112.0,-74.81229400634766,0.0008482510956400039
1419,113,-113.0,-74.82965087890625,0.0008440309409353273
1420,86,-86.0,-75.39543914794922,0.0008398317820252014
1421,89,-89.0,-75.27295684814453,0.0008356535144529369
1422,113,-113.0,-74.9426040649414,0.0008314960342815293
1423,154,-154.0,-75.42943572998047,0.0008273592380910739
1424,114,-114.0,-75.16865539550781,0.0008232430229761931
1425,113,-113.0,-75.34545135498047,0.0008191472865434758
1426,111,-111.0,-74.98033905029297,0.0008150719269089312
1427,113,-113.0,-75.71366119384766,0.000811016842695454
1428,113,-113.0,-75.51649475097656,0.0008069819330303026
1429,112,-112.0,-75.16741943359375,0.0008029670975425897
1430,91,-91.0,-75.38697052001953,0.0007989722363607859
1431,92,-92.0,-75.56417083740234,0.0007949972501102348
1432,96,-96.0,-75.46739959716797,0.0007910420399106815
1433,116,-116.0,-75.21163177490234,0.0007871065073738125
1434,161,-161.0,-75.44232177734375,0.0007831905546008085
1435,112,-112.0,-75.5293197631836,0.0007792940841799091
1436,114,-114.0,-75.53240203857422,0.0007754169991839893
1437,116,-116.0,-75.19120025634766,0.0007715592031681485
1438,113,-113.0,-75.72584533691406,0.0007677206001673121
1439,111,-111.0,-75.3314437866211,0.0007639010946938429
1440,84,-84.0,-75.7233657836914,0.0007601005917351671
1441,93,-93.0,-75.56367492675781,0.0007563189967514102
1442,164,-164.0,-75.22442626953125,0.0007525562156730451
1443,88,-88.0,-75.51551818847656,0.0007488121548985524
1444,90,-90.0,-75.4539794921875,0.000745086721292092
1445,115,-115.0,-75.3831558227539,0.0007413798221811861
1446,190,-190.0,-75.6277847290039,0.0007376913653544141
1447,114,-114.0,-75.16476440429688,0.0007340212590591186
1448,116,-116.0,-75.3223648071289,0.0007303694119991231
1449,159,-159.0,-75.0850830078125,0.0007267357333324609
1450,161,-161.0,-75.78456115722656,0.0007231201326691154
1451,117,-117.0,-75.06613159179688,0.0007195225200687717
1452,111,-111.0,-75.37982940673828,0.0007159428060385789
1453,112,-112.0,-75.01261138916016,0.0007123809015309243
1454,116,-116.0,-75.61900329589844,0.0007088367179412183
1455,111,-111.0,-75.1208724975586,0.00070531016710569
1456,112,-112.0,-75.43859100341797,0.0007018011612991941
1457,94,-94.0,-74.7142562866211,0.0006983096132330291
1458,159,-159.0,-74.84510803222656,0.0006948354360527653
1459,114,-114.0,-75.2007064819336,0.000691378543336085
1460,84,-84.0,-74.930419921875,0.0006879388490906319
1461,113,-113.0,-75.0112075805664,0.0006845162677518727
1462,88,-88.0,-75.21337890625,0.0006811107141809679
1463,113,-113.0,-75.6042709350586,0.0006777221036626547
1464,168,-168.0,-75.11898040771484,0.0006743503519031391
1465,111,-111.0,-74.88037872314453,0.0006709953750279992
1466,86,-86.0,-74.91790771484375,0.0006676570895800988
1467,112,-112.0,-75.18346405029297,0.0006643354125175113
1468,119,-119.0,-75.16907501220703,0.0006610302612114541
1469,115,-115.0,-74.99291229248047,0.000657741553444233
1470,92,-92.0,-75.30015563964844,0.0006544692074071971
1471,119,-119.0,-75.34886932373047,0.0006512131416987036
1472,90,-90.0,-75.07283782958984,0.0006479732753220933
1473,89,-89.0,-74.85932922363281,0.000644749527683675
1474,118,-118.0,-75.26777648925781,0.0006415418185907215
1475,120,-120.0,-75.46409606933594,0.0006383500682494742
1476,115,-115.0,-75.6255111694336,0.0006351741972631585
1477,110,-110.0,-75.63566589355469,0.0006320141266300085
1478,112,-112.0,-75.32586669921875,0.0006288697777413021
1479,111,-111.0,-75.0711441040039,0.0006257410723794052
1480,93,-93.0,-75.52240753173828,0.0006226279327158261
1481,162,-162.0,-75.5649185180664,0.0006195302813092798
1482,116,-116.0,-74.73533630371094,0.000616448041103761
1483,86,-86.0,-75.3445053100586,0.000613381135426628
1484,121,-121.0,-74.94759368896484,0.0006103294879866946
1485,121,-121.0,-75.1747817993164,0.000607293022872333
1486,88,-88.0,-75.13494110107422,0.0006042716645495851
1487,116,-116.0,-75.22956848144531,0.0006012653378602838
1488,87,-87.0,-75.16280364990234,0.000598273968020183
1489,112,-112.0,-75.0743637084961,0.0005952974806170975
1490,91,-91.0,-75.0870590209961,0.0005923358016090523
1491,124,-124.0,-75.01129150390625,0.0005893888573224402
1492,94,-94.0,-74.7969741821289,0.0005864565744501893
1493,88,-88.0,-74.93072509765625,0.0005835388800499397
1494,118,-118.0,-75.4255599975586,0.0005806357015422286
1495,84,-84.0,-75.14678955078125,0.0005777469667086853
1496,93,-93.0,-75.08248138427734,0.0005748726036902342
1497,86,-86.0,-75.1272201538086,0.0005720125409853078
1498,86,-86.0,-74.95940399169922,0.0005691667074480675
1499,117,-117.0,-75.32283782958984,0.0005663350322866345
